INSERT INTO owner (owner_id, last_name, first_name, birth, gender, phone_number)
VALUES
(1, 'Собченко', 'Владислав', '1990-05-14', 'М', '+79086468321'),
(2, 'Белоножко', 'Иван', '1991-05-14', 'М', '+79086468767'),
(3, 'Борисов', 'Артем', '1990-06-02', 'М', '+79836468321'),
(4, 'Буркалов', 'Артем', '1990-08-17', 'М', '+79086465712'),
(5, 'Гришин', 'Леонид', '1930-05-14', 'М', '+79086668321'),
(6, 'Даулетов', 'Максим', '2000-05-14', 'М', '+79089068321'),
(7, 'Демонов', 'Лев', '1991-07-14', 'М', '+79146468321'),
(8, 'Затопляев', 'Ростислав', '2005-05-16', 'М', '+79086468218'),
(9, 'Зюзин', 'Никита', '1994-02-14', 'М', '+79996468321'),
(10, 'Ильин', 'Андрей', '1999-02-17', 'М', '+79089908321'),
(11, 'Олег', 'Иванов', '2000-05-18', 'М', '+79044464421'),
(12, 'Канищев', 'Матвей', '2006-12-14', 'М', '+79086487921'),
(13, 'Касаткин', 'Павел', '2009-04-14', 'М', '+79089032321'),
(14, 'Киц-Ковязин', 'Константин', '2002-12-14', 'М', '+79996068321'),
(15, 'Козлов', 'Максим', '2005-03-18', 'М', '+79836468323'),
(16, 'Комаров', 'Алексей', '2000-09-01', 'М', '+79086998391'),
(17, 'Привалихин', 'Дмитрий', '2001-07-04', 'М', '+79149138321'),
(18, 'Старчиков', 'Александр', '1991-10-19', 'М', '+79087658311'),
(19, 'Третьяк', 'Анатолий', '2004-05-15', 'М', '+79186268321'),
(20, 'Шалагинов', 'Семён', '1999-10-01', 'М', '+79121268321'),
(21, 'Яшина', 'Ева', '2004-01-01', 'Ж', '+79000068321'),
(22, 'Якута', 'Дарья', '2004-12-12', 'Ж', '+79000068341'),
(23, 'Просекина', 'Елизавета', '2006-12-16', 'Ж', '+79333463321'),
(24, 'Курган', 'Дарья', '2006-11-11', 'Ж', '+79886428121'),
(25, 'Тамагашева', 'Александра', '2008-03-13', 'Ж', '+79086360211'),
(26, 'Кушнир', 'Анастасия', '2001-01-10', 'Ж', '+79086884411'),
(27, 'Андреева', 'Арина', '2006-11-17', 'Ж', '+79766488651'),
(28, 'Якуба', 'Мирослав', '2000-03-27', 'М', '+79943368322'),
(29, 'Куренкин', 'Даниил', '2005-01-04', 'М', '+79076768371'),
(30, 'Габов', 'Ярослав', '1932-11-14', 'М', '+79085468987');

INSERT INTO doctor (doctor_id, first_name, last_name, specialty)
VALUES
(1, 'Оксана', 'Зиновьева', 'Офтальмолог'),
(2, 'Денис', 'Зиновьев', 'Психолог'),
(3, 'Климент', 'Алексеева', 'Эксперт'),
(4, 'Изот', 'Фомичева', 'Офтальмолог'),
(5, 'Прокл', 'Суворова', 'Диетолог'),
(6, 'Никита', 'Козлов', 'Терапевт'),
(7, 'Герман', 'Григорьев', 'Стоматолог'),
(8, 'Кира', 'Тимофеева', 'Кардиолог'),
(9, 'Михаил', 'Яковлев', 'Терапевт'),
(10, 'Анатолий', 'Николаева', 'Анестезиолог'),
(11, 'Оксана', 'Смирнова', 'Эксперт'),
(12, 'Ярослав', 'Чумаков', 'Кардиолог'),
(13, 'Дмитрий', 'Петров', 'Хирург'),
(14, 'София', 'Михайлова', 'Анестезиолог'),
(15, 'Ксения', 'Филиппова', 'Дерматолог'),
(16, 'Павел', 'Жданов', 'Психолог'),
(17, 'Тимур', 'Шевченко', 'Стоматолог'),
(18, 'Роман', 'Соколов', 'Хирург'),
(19, 'Глеб', 'Андреев', 'Диетолог'),
(20, 'Анастасия', 'Коваленко', 'Офтальмолог'),
(21, 'Марат', 'Васильев', 'Терапевт'),
(22, 'Дарина', 'Тимофеева', 'Кардиолог'),
(23, 'Александр', 'Герасимов', 'Эксперт'),
(24, 'Елизавета', 'Богданова', 'Стоматолог'),
(25, 'Иван', 'Козлов', 'Хирург'),
(26, 'Марина', 'Ярцева', 'Диетолог'),
(27, 'Егор', 'Павлов', 'Кардиолог'),
(28, 'Наталья', 'Петрова', 'Офтальмолог'),
(29, 'Максим', 'Новиков', 'Психолог'),
(30, 'Алёна', 'Боровик', 'Стоматолог');


INSERT INTO clinic_services (clinic_services_id, type_services)
VALUES
(1, 'Хирургические операции'),
(2, 'Диагностика заболеваний'),
(3, 'Прививки'),
(4, 'Услуги по стерилизации'),
(5, 'Услуги по кастрации'),
(6, 'Лечение аллергий'),
(7, 'Офтальмологические услуги'),
(8, 'Стоматологические услуги'),
(9, 'Консультации по питанию'),
(10, 'Реабилитационные услуги'),
(11, 'Вакцинация животных'),
(12, 'Услуги по проведению анализов'),
(13, 'Экстренная помощь'),
(14, 'Услуги по уходу за пожилыми животными'),
(15, 'Консультации по выбору корма'),
(16, 'Химиотерапия для животных'),
(17, 'Снятие зубного камня'),
(18, 'Рентгенологические исследования'),
(19, 'Ультразвуковое исследование'),
(20, 'Эндоскопия'),
(21, 'Психологическая помощь животным'),
(22, 'Терапевтические процедуры'),
(23, 'Хирургия мягких тканей'),
(24, 'Кардиологические услуги'),
(25, 'Гинекологические услуги для животных'),
(26, 'Реабилитация после операций'),
(27, 'Массаж для животных'),
(28, 'Трансплантация органов'),
(29, 'Ветеринарная стоматология'),
(30, 'Диетология для животных');

INSERT INTO patient (patient_id, owner_id, nickname, animal, breed)
VALUES
(1, 1, 'Фрули Фрула', 'Слон', 'Лесной'),
(2, 2, 'Бурбалони Лулиоли', 'Капибара', 'Обыкновенная'),
(3, 3, 'Бобритто Бандито', 'Бобер', 'Бандит'),
(4, 4, 'Бр бр патапим', 'Обезьяна', 'Горила'),
(5, 5, 'Арангутини Ананасини', 'Обезьяна', 'Макака'),
(6, 6, 'Бонека Амбалабу', 'Лягушка', 'Озерная'),
(7, 7, 'Трипи тропо тропо трипо', 'Медведь', 'Бурый'),
(8, 8, 'Шпионири Голубини', 'Голубь', 'Уличный'),
(9, 9, 'Пингвинатор Терморегулятор', 'Пингвин', 'Магелланов'),
(10, 10, 'Трулимеро Труличина', 'Кошка', 'Британская'),

(11, 11, 'Барсик', 'Кошка', 'Сибирская'),
(12, 12, 'Кеша', 'Попугай', 'Ара'),
(13, 13, 'Олег', 'Голубь', 'Синий'),
(14, 14, 'Мур', 'Кошка', 'Сибирская'),
(15, 15, 'Аниса', 'Собака', 'Австралийская овчарка'),
(16, 16, 'Грета', 'Собака', 'Той-терьер'),
(17, 17, 'Джерри', 'Мышь', 'Полевая'),
(18, 18, 'Петя', 'Собака', 'Австралийская овчарка'),
(19, 19, 'Шерлок', 'Кошка', 'Шотландская'),
(20, 20, 'Киса', 'Кошка', 'Бенгальская'),
(21, 21, 'Тимка', 'Кошка', 'Мейн-кун'),
(22, 22, 'Лео', 'Лошадь', 'Мустанг'),
(23, 23, 'Пухляш', 'Лошадь', 'Мустанг'),
(24, 24, 'Саймон', 'Кошка', 'Бенгальская'),
(25, 25, 'Роки', 'Попугай', 'Ара'),
(26, 26, 'Тимка', 'Кошка', 'Бенгальская'),
(27, 27, 'Тимоша', 'Собака', 'Той-терьер'),
(28, 28, 'Пеппи', 'Собака', 'Австралийская овчарка'),
(29, 29, 'Ральф', 'Собака', 'Пудель'),
(30, 30, 'Тор', 'Собака', 'Пудель'),

(31, 1, 'Люк', 'Кошка', 'Шотландская'),
(32, 2, 'Мурзик', 'Кошка', 'Бенгальская'),
(33, 3, 'Тимка', 'Мышь', 'Желтогорлая'),
(34, 4, 'Лео', 'Мышь', 'Желтогорлая'),
(35, 5, 'Пуфик', 'Собака', 'Пудель'),
(36, 6, 'Саламон', 'Кошка', 'Бенгальская'),
(37, 7, 'Тупак', 'Попугай', 'Волнистый'),
(38, 8, 'Кизя', 'Попугай', 'Волнистый'),
(39, 9, 'Добс', 'Собака', 'Той-терьер'),
(40, 10, 'Фокс', 'Собака', 'Австралийская овчарка');

INSERT INTO appointment (appointment_id, patient_id, doctor_id, clinic_services_id, appointment_time) 
VALUES
(1, 11, 1, 1, '2025-04-12 10:00:00'),
(2, 12, 2, 2, '2025-04-12 10:30:00'),
(3, 13, 3, 3, '2025-04-12 11:00:00'),
(4, 14, 4, 4, '2025-04-12 11:30:00'),
(5, 15, 5, 5, '2025-04-12 12:00:00'),
(6, 16, 6, 6, '2025-04-12 12:30:00'),
(7, 17, 7, 7, '2025-04-12 13:00:00'),
(8, 18, 8, 8, '2025-04-12 13:30:00'),
(9, 19, 9, 9, '2025-04-12 14:00:00'),
(10, 20, 10, 10, '2025-04-12 14:30:00'),
(11, 21, 11, 1, '2025-04-13 10:00:00'),
(12, 22, 12, 2, '2025-04-13 10:30:00'),
(13, 23, 13, 3, '2025-04-13 11:00:00'),
(14, 24, 14, 4, '2025-04-13 11:30:00'),
(15, 25, 15, 5, '2025-04-13 12:00:00'),
(16, 26, 16, 6, '2025-04-13 12:30:00'),
(17, 27, 17, 7, '2025-04-13 13:00:00'),
(18, 28, 18, 8, '2025-04-13 13:30:00'),
(19, 29, 19, 9, '2025-04-13 14:00:00'),
(20, 30, 20, 10, '2025-04-13 14:30:00'),
(21, 11, 1, 2, '2025-04-14 10:00:00'),
(22, 12, 2, 3, '2025-04-14 10:30:00'),
(23, 13, 3, 4, '2025-04-14 11:00:00'),
(24, 14, 4, 5, '2025-04-14 11:30:00'),
(25, 15, 5, 6, '2025-04-14 12:00:00'),
(26, 16, 6, 7, '2025-04-14 12:30:00'),
(27, 17, 7, 8, '2025-04-14 13:00:00'),
(28, 18, 8, 9, '2025-04-14 13:30:00'),
(29, 19, 9, 10, '2025-04-14 14:00:00'),
(30, 20, 10, 1, '2025-04-14 14:30:00');

INSERT INTO medical_history (medical_history_id, patient_id, appointment_id, entry)
VALUES
(1, 11, 1, 'Обработка ран после операции'),
(2, 12, 2, 'Хирургия мягких тканей'),
(3, 13, 3, 'Диагностика заболеваний'),
(4, 14, 4, 'Прививка от бешенства'),
(5, 15, 5, 'Процедура стерилизации'),
(6, 16, 6, 'Лечение аллергии'),
(7, 17, 7, 'Обследование, назначение лечения'),
(8, 18, 8, 'Ультразвуковое исследование'),
(9, 19, 9, 'Кардиологическое обследование'),
(10, 20, 10, 'Лечение инфекционного заболевания'),
(11, 21, 11, 'Процедура кастрации'),
(12, 22, 12, 'Терапия после операции'),
(13, 23, 13, 'Офтальмологическое обследование'),
(14, 24, 14, 'Лечение ран'),
(15, 25, 15, 'Устранение зубного камня'),
(16, 26, 16, 'Лечение кожных заболеваний'),
(17, 27, 17, 'Реабилитация после травмы'),
(18, 28, 18, 'Лечение нарушений пищеварения'),
(19, 29, 19, 'Экстренная помощь при отравлении'),
(20, 30, 20, 'Лечение дыхательных заболеваний'),
(21, 11, 21, 'Консультация по питанию'),
(22, 12, 22, 'Обследование на паразитов'),
(23, 13, 23, 'Хирургия мягких тканей'),
(24, 14, 24, 'Профилактика инфекций'),
(25, 15, 25, 'Обработка ран после операции'),
(26, 16, 26, 'Консультация по уходу за пожилыми животными'),
(27, 17, 27, 'Лечение артрита'),
(28, 18, 28, 'Психологическая помощь животным'),
(29, 19, 29, 'Лечение заболеваний кожи и шерсти'),
(30, 20, 30, 'Лечение хронических заболеваний');

INSERT INTO vaccinations (vaccinations_id, patient_id, title)
VALUES
(1, 11, 'Прививка от бешенства'),
(2, 12, 'Прививка от парвовируса'),
(3, 13, 'Вакцинация от инфекционного гепатита'),
(4, 14, 'Прививка от лептоспироза'),
(5, 15, 'Вакцинация от чумы плотоядных'),
(6, 16, 'Прививка от короновируса'),
(7, 17, 'Прививка от микоплазмоза'),
(8, 18, 'Прививка от панлейкопении'),
(9, 19, 'Вакцинация от стригущего лишая'),
(10, 20, 'Прививка от инфекционного ринотрахеита'),
(11, 11, 'Прививка от парвовируса'),
(12, 12, 'Вакцинация от инфекционного гепатита'),
(13, 13, 'Прививка от лептоспироза'),
(14, 14, 'Вакцинация от чумы плотоядных'),
(15, 15, 'Прививка от короновируса'),
(16, 16, 'Прививка от микоплазмоза'),
(17, 17, 'Прививка от панлейкопении'),
(18, 18, 'Вакцинация от стригущего лишая'),
(19, 19, 'Прививка от инфекционного ринотрахеита'),
(20, 20, 'Вакцинация от лептоспироза и парвовируса'),
(21, 21, 'Прививка от вирусного энтерита'),
(22, 22, 'Прививка от боррелиоза'),
(23, 23, 'Вакцинация от кошачьего кальцивироза'),
(24, 24, 'Прививка от котячьего герпеса'),
(25, 25, 'Вакцинация от трихофитии'),
(26, 26, 'Прививка от туляремии'),
(27, 27, 'Вакцинация от токсоплазмоза'),
(28, 28, 'Прививка от бешенства и лептоспироза'),
(29, 29, 'Прививка от бруцеллеза'),
(30, 30, 'Вакцинация от токсоплазмоза и вируса Лайма'),
(31, 14, 'Прививка от бешенства');

INSERT INTO patient_history (history_id, patient_id, owner_id, old_nickname, new_nickname, changed_time)
VALUES
(1, 1, 1, 'Слоняша', 'Фрули Фрула', '2022-01-15 10:30:00'),
(2, 2, 2, 'Капитошка', 'Бурбалони Лулиоли', '2022-02-20 11:45:00'),
(3, 3, 3, 'Бобёр', 'Бобритто Бандито', '2022-03-10 09:15:00'),
(4, 4, 4, 'Горилка', 'Бр бр патапим', '2022-04-05 14:20:00'),
(5, 5, 5, 'Макака', 'Арангутини Ананасини', '2022-05-12 16:30:00'),
(6, 6, 6, 'Лягушонок', 'Бонека Амбалабу', '2022-06-18 13:10:00'),
(7, 7, 7, 'Мишка', 'Трипи тропо тропо трипо', '2022-07-22 10:45:00'),
(8, 8, 8, 'Голубчик', 'Шпионири Голубини', '2022-08-30 12:00:00'),
(9, 9, 9, 'Пингвинчик', 'Пингвинатор Терморегулятор', '2022-09-05 15:20:00'),
(10, 10, 10, 'Мурка', 'Трулимеро Труличина', '2022-10-10 11:30:00'),

(11, 11, 25, 'Барс', 'Барсик', '2022-11-15 14:45:00'),
(12, 12, 18, 'Кеш', 'Кеша', '2022-12-20 09:30:00'),
(13, 13, 22, 'Голубь', 'Олег', '2023-01-05 10:15:00'),
(14, 14, 30, 'Мурзик', 'Мур', '2023-02-10 16:40:00'),
(15, 15, 5, 'Анна', 'Аниса', '2023-03-15 12:50:00'),   	

(16, 16, 16, 'Гретхен', 'Грета', '2023-04-01 08:20:00'),
(17, 17, 17, 'Джером', 'Джерри', '2023-04-05 11:10:00'),
(18, 18, 18, 'Пётр', 'Петя', '2023-04-10 14:30:00'),
(19, 19, 19, 'Шерли', 'Шерлок', '2023-04-15 10:00:00'),
(20, 20, 20, 'Кисуля', 'Киса', '2023-04-20 13:45:00'),

(21, 21, 10, 'Тим', 'Тимка', '2023-05-10 09:30:00'),
(22, 22, 15, 'Леон', 'Лео', '2023-06-15 10:45:00'),
(23, 23, 12, 'Пухлик', 'Пухляш', '2023-07-20 14:20:00'),
(24, 24, 8, 'Симон', 'Саймон', '2023-08-25 16:10:00'),
(25, 25, 3, 'Рок', 'Роки', '2023-09-30 11:30:00'),
(26, 26, 26, 'Тимон', 'Тимка', '2023-10-01 10:20:00'),
(27, 27, 27, 'Тимофей', 'Тимоша', '2023-11-05 14:15:00'),
(28, 28, 28, 'Пеппер', 'Пеппи', '2023-12-10 09:45:00'),
(29, 29, 29, 'Ральфи', 'Ральф', '2024-01-15 16:30:00'),
(30, 30, 30, 'Торник', 'Тор', '2024-02-20 12:00:00');